{
	"payload": "[{\"type\":\"NEXT_PLAYER\",\"payload\":null},{\"type\":\"DRAW_FROM_ROSTER\",\"payload\":{\"playerId\":0,\"playerName\":\"Resistance\",\"cardColor\":\"pink\",\"position\":1}},{\"type\":\"FILL_ROSTER\",\"payload\":null},{\"type\":\"DRAW_FROM_ROSTER\",\"payload\":{\"playerId\":0,\"playerName\":\"Resistance\",\"cardColor\":\"red\",\"position\":4}},{\"type\":\"FILL_ROSTER\",\"payload\":null},{\"type\":\"NEXT_PLAYER\",\"payload\":null},{\"type\":\"DRAW_ROUTE_CARDS\",\"payload\":{\"playerId\":1,\"playerName\":\"is futile.\",\"selectedRouteCards\":[{\"id\":\"22\",\"from\":\"4\",\"to\":\"27\",\"fromCity\":\"Barcelona\",\"toCity\":\"Munchen\",\"value\":\"8\"}],\"droppedRouteCards\":[{\"id\":\"14\",\"from\":\"15\",\"to\":\"30\",\"fromCity\":\"Edinburgh\",\"toCity\":\"Paris\",\"value\":\"7\"},{\"id\":\"16\",\"from\":\"33\",\"to\":\"38\",\"fromCity\":\"Roma\",\"toCity\":\"Smyrna\",\"value\":\"8\"}]}},{\"type\":\"NEXT_PLAYER\",\"payload\":null},{\"type\":\"BUILD_CONNECTION\",\"payload\":{\"playerId\":0,\"playerName\":\"Resistance\",\"playerColor\":\"green\",\"usedTrainColors\":[\"pink\",\"pink\",\"pink\",\"pink\"],\"connection\":{\"id\":89,\"from\":\"34\",\"fromCity\":\"Rostov\",\"to\":\"36\",\"toCity\":\"Sevastopol\",\"elements\":[{\"x\":87.5,\"y\":62.851782363977485,\"rotation\":10},{\"x\":88,\"y\":57.5984990619137,\"rotation\":10},{\"x\":89.5,\"y\":54.03377110694184,\"rotation\":-80},{\"x\":92.875,\"y\":54.971857410881796,\"rotation\":-80}],\"color\":\"gray\",\"locomotive\":0}}},{\"type\":\"NEXT_PLAYER\",\"payload\":null},{\"type\":\"DRAW_FROM_ROSTER\",\"payload\":{\"playerId\":1,\"playerName\":\"is futile.\",\"cardColor\":\"pink\",\"position\":1}},{\"type\":\"FILL_ROSTER\",\"payload\":null},{\"type\":\"DRAW_FROM_ROSTER\",\"payload\":{\"playerId\":1,\"playerName\":\"is futile.\",\"cardColor\":\"pink\",\"position\":1}},{\"type\":\"FILL_ROSTER\",\"payload\":null},{\"type\":\"NEXT_PLAYER\",\"payload\":null},{\"type\":\"DRAW_FROM_ROSTER\",\"payload\":{\"playerId\":0,\"playerName\":\"Resistance\",\"cardColor\":\"locomotive\",\"position\":3}},{\"type\":\"FILL_ROSTER\",\"payload\":null},{\"type\":\"NEXT_PLAYER\",\"payload\":null},{\"type\":\"BUILD_CONNECTION\",\"payload\":{\"playerId\":1,\"playerName\":\"is futile.\",\"playerColor\":\"blue\",\"usedTrainColors\":[\"pink\",\"pink\"],\"connection\":{\"id\":30,\"from\":\"47\",\"fromCity\":\"Zurich\",\"to\":\"25\",\"toCity\":\"Marseille\",\"elements\":[{\"x\":36.875,\"y\":61.16322701688556,\"rotation\":10},{\"x\":36.125,\"y\":66.22889305816135,\"rotation\":15}],\"color\":\"pink\",\"locomotive\":0}}},{\"type\":\"NEXT_PLAYER\",\"payload\":null},{\"type\":\"DRAW_FROM_ROSTER\",\"payload\":{\"playerId\":0,\"playerName\":\"Resistance\",\"cardColor\":\"green\",\"position\":3}},{\"type\":\"FILL_ROSTER\",\"payload\":null},{\"type\":\"DRAW_FROM_ROSTER\",\"payload\":{\"playerId\":0,\"playerName\":\"Resistance\",\"cardColor\":\"green\",\"position\":3}},{\"type\":\"FILL_ROSTER\",\"payload\":null},{\"type\":\"NEXT_PLAYER\",\"payload\":null},{\"type\":\"DRAW_FROM_ROSTER\",\"payload\":{\"playerId\":1,\"playerName\":\"is futile.\",\"cardColor\":\"blue\",\"position\":2}},{\"type\":\"FILL_ROSTER\",\"payload\":null},{\"type\":\"DRAW_FROM_ROSTER\",\"payload\":{\"playerId\":1,\"playerName\":\"is futile.\",\"cardColor\":\"orange\",\"position\":2}},{\"type\":\"FILL_ROSTER\",\"payload\":null},{\"type\":\"NEXT_PLAYER\",\"payload\":null},{\"type\":\"DRAW_FROM_ROSTER\",\"payload\":{\"playerId\":0,\"playerName\":\"Resistance\",\"cardColor\":\"orange\",\"position\":3}},{\"type\":\"FILL_ROSTER\",\"payload\":null},{\"type\":\"DRAW_FROM_ROSTER\",\"payload\":{\"playerId\":0,\"playerName\":\"Resistance\",\"cardColor\":\"orange\",\"position\":2}},{\"type\":\"FILL_ROSTER\",\"payload\":null},{\"type\":\"NEXT_PLAYER\",\"payload\":null},{\"type\":\"BUILD_CONNECTION\",\"payload\":{\"playerId\":1,\"playerName\":\"is futile.\",\"playerColor\":\"blue\",\"usedTrainColors\":[\"blue\",\"blue\",\"blue\",\"locomotive\"],\"connection\":{\"id\":26,\"from\":\"4\",\"fromCity\":\"Barcelona\",\"to\":\"25\",\"toCity\":\"Marseille\",\"elements\":[{\"x\":23.5,\"y\":81.05065666041276,\"rotation\":41},{\"x\":25.874999999999996,\"y\":77.6735459662289,\"rotation\":48},{\"x\":28.749999999999996,\"y\":74.48405253283302,\"rotation\":60},{\"x\":31.874999999999996,\"y\":72.23264540337712,\"rotation\":70}],\"color\":\"gray\",\"locomotive\":0}}},{\"type\":\"NEXT_PLAYER\",\"payload\":null},{\"type\":\"BUILD_CONNECTION\",\"payload\":{\"playerId\":0,\"playerName\":\"Resistance\",\"playerColor\":\"green\",\"usedTrainColors\":[\"orange\",\"orange\"],\"connection\":{\"id\":99,\"from\":\"37\",\"fromCity\":\"Smolensk\",\"to\":\"26\",\"toCity\":\"Moskva\",\"elements\":[{\"x\":87.5,\"y\":30.206378986866795,\"rotation\":94},{\"x\":91,\"y\":28.517823639774857,\"rotation\":52}],\"color\":\"orange\",\"locomotive\":0}}},{\"type\":\"NEXT_PLAYER\",\"payload\":null},{\"type\":\"DRAW_FROM_ROSTER\",\"payload\":{\"playerId\":1,\"playerName\":\"is futile.\",\"cardColor\":\"locomotive\",\"position\":1}},{\"type\":\"FILL_ROSTER\",\"payload\":null},{\"type\":\"NEXT_PLAYER\",\"payload\":null},{\"type\":\"BUILD_CONNECTION\",\"payload\":{\"playerId\":0,\"playerName\":\"Resistance\",\"playerColor\":\"green\",\"usedTrainColors\":[\"green\",\"green\",\"green\",\"locomotive\"],\"connection\":{\"id\":101,\"from\":\"26\",\"fromCity\":\"Moskva\",\"to\":\"19\",\"toCity\":\"Kharkov\",\"elements\":[{\"x\":94.25,\"y\":30.0187617260788,\"rotation\":-25},{\"x\":95.375,\"y\":35.0844277673546,\"rotation\":-10},{\"x\":95.125,\"y\":40.52532833020638,\"rotation\":15},{\"x\":93.375,\"y\":45.0281425891182,\"rotation\":45}],\"color\":\"gray\",\"locomotive\":0}}},{\"type\":\"NEXT_PLAYER\",\"payload\":null},{\"type\":\"BUILD_CONNECTION\",\"payload\":{\"playerId\":1,\"playerName\":\"is futile.\",\"playerColor\":\"blue\",\"usedTrainColors\":[\"orange\",\"orange\",\"locomotive\",\"locomotive\"],\"connection\":{\"id\":83,\"from\":\"32\",\"fromCity\":\"Riga\",\"to\":\"31\",\"toCity\":\"Petrograd\",\"elements\":[{\"x\":70.5,\"y\":10.506566604127581,\"rotation\":89},{\"x\":73.875,\"y\":10.318949343339586,\"rotation\":89},{\"x\":77.375,\"y\":9.943714821763603,\"rotation\":89},{\"x\":81,\"y\":9.943714821763603,\"rotation\":89}],\"color\":\"gray\",\"locomotive\":0}}},{\"type\":\"NEXT_PLAYER\",\"payload\":null},{\"type\":\"START_LAST_ROUND\",\"payload\":{\"playerId\":1}},{\"type\":\"BUILD_CONNECTION\",\"payload\":{\"playerId\":0,\"playerName\":\"Resistance\",\"playerColor\":\"green\",\"usedTrainColors\":[\"red\",\"red\"],\"connection\":{\"id\":12,\"from\":\"8\",\"fromCity\":\"Bruxelles\",\"to\":\"30\",\"toCity\":\"Paris\",\"elements\":[{\"x\":29.5,\"y\":41.651031894934334,\"rotation\":28},{\"x\":28.000000000000004,\"y\":45.96622889305816,\"rotation\":28}],\"color\":\"red\",\"locomotive\":0}}},{\"type\":\"NEXT_PLAYER\",\"payload\":null}]",
	"preloadedState": "{\"game\":{\"maxPlayers\":2,\"activePlayerId\":1,\"gameId\":\"07735495-d24a-45d7-a54c-731abdb6effb\",\"gameState\":\"playerDone\",\"lastRound\":false,\"finishingPlayerId\":null,\"cities\":[{\"id\":\"1\",\"city\":\"Amsterdam\",\"today\":\"Amsterdam\",\"country\":\"Holland\",\"x\":31.874999999999996,\"y\":30.90061350844278},{\"id\":\"2\",\"city\":\"Angora\",\"today\":\"Ankara\",\"country\":\"Turkey\",\"x\":85.625,\"y\":89.8686679174484},{\"id\":\"3\",\"city\":\"Athina\",\"today\":\"Athens\",\"country\":\"Greece\",\"x\":66,\"y\":89.8686679174484},{\"id\":\"4\",\"city\":\"Barcelona\",\"today\":\"Barcelona\",\"country\":\"Spain\",\"x\":21.625,\"y\":84.42776735459663},{\"id\":\"5\",\"city\":\"Berlin\",\"today\":\"Berlin\",\"country\":\"Germany\",\"x\":49.125,\"y\":34.33395872420263},{\"id\":\"6\",\"city\":\"Brest\",\"today\":\"Brest\",\"country\":\"France\",\"x\":13.25,\"y\":47.27954971857411},{\"id\":\"7\",\"city\":\"Brindisi\",\"today\":\"Brindisi\",\"country\":\"Italy\",\"x\":54.37499999999999,\"y\":78.61163227016885},{\"id\":\"8\",\"city\":\"Bruxelles\",\"today\":\"Brussels\",\"country\":\"Belgium\",\"x\":29.625,\"y\":37.5234521575985},{\"id\":\"9\",\"city\":\"Bucuresti\",\"today\":\"Bucharest\",\"country\":\"Romania\",\"x\":73.5,\"y\":64.35272045028142},{\"id\":\"10\",\"city\":\"Budapest\",\"today\":\"Budapest\",\"country\":\"Hungary\",\"x\":59.12500000000001,\"y\":54.409005628517825},{\"id\":\"11\",\"city\":\"Cadiz\",\"today\":\"Cadiz\",\"country\":\"Spain\",\"x\":10.875,\"y\":93.62101313320825},{\"id\":\"12\",\"city\":\"Constantinople\",\"today\":\"Istanbul\",\"country\":\"Turkey\",\"x\":78.375,\"y\":81.98874296435272},{\"id\":\"13\",\"city\":\"Danzig\",\"today\":\"Gdansk\",\"country\":\"Poland\",\"x\":60,\"y\":23.076923076923077},{\"id\":\"14\",\"city\":\"Dieppe\",\"today\":\"Dieppe\",\"country\":\"France\",\"x\":21.75,\"y\":43.151969981238274},{\"id\":\"15\",\"city\":\"Edinburgh\",\"today\":\"Edinburgh\",\"country\":\"Scotland, UK\",\"x\":16.5,\"y\":8.818011257035648},{\"id\":\"16\",\"city\":\"Erzurum\",\"today\":\"Erzurum\",\"country\":\"Turkey\",\"x\":93.25,\"y\":86.49155722326454},{\"id\":\"17\",\"city\":\"Essen\",\"today\":\"Essen\",\"country\":\"Germany\",\"x\":39.625,\"y\":32.08255159474672},{\"id\":\"18\",\"city\":\"Frankfurt\",\"today\":\"Frankfurt\",\"country\":\"Germany\",\"x\":38.125,\"y\":42.21388367729831},{\"id\":\"19\",\"city\":\"Kharkov\",\"today\":\"Kharkov\",\"country\":\"Ukraine\",\"x\":91.625,\"y\":48.21763602251407},{\"id\":\"20\",\"city\":\"Kobenhavn\",\"today\":\"Copenhagen\",\"country\":\"Denmark\",\"x\":46.625,\"y\":17.073170731707318},{\"id\":\"21\",\"city\":\"Kyiv\",\"today\":\"Kiev\",\"country\":\"Ukraine\",\"x\":78.875,\"y\":40.52532833020638},{\"id\":\"22\",\"city\":\"Lisboa\",\"today\":\"Lisbon\",\"country\":\"Portugal\",\"x\":4.625,\"y\":86.49155722326454},{\"id\":\"23\",\"city\":\"London\",\"today\":\"London\",\"country\":\"England, UK\",\"x\":22.75,\"y\":30.393996247654787},{\"id\":\"24\",\"city\":\"Madrid\",\"today\":\"Madrid\",\"country\":\"Spain\",\"x\":10.875,\"y\":83.11444652908068},{\"id\":\"25\",\"city\":\"Marseille\",\"today\":\"Marseille\",\"country\":\"France\",\"x\":34.875,\"y\":70.73170731707317},{\"id\":\"26\",\"city\":\"Moskva\",\"today\":\"Moscow\",\"country\":\"Russia\",\"x\":93,\"y\":26.454033771106943},{\"id\":\"27\",\"city\":\"Munchen\",\"today\":\"Munich\",\"country\":\"Germany\",\"x\":43.625,\"y\":48.405253283302066},{\"id\":\"28\",\"city\":\"Palermo\",\"today\":\"Palermo\",\"country\":\"Italy\",\"x\":49.625,\"y\":93.80863039399625},{\"id\":\"29\",\"city\":\"Pamplona\",\"today\":\"Pamplona\",\"country\":\"Italy\",\"x\":20.375,\"y\":71.48217636022514},{\"id\":\"30\",\"city\":\"Paris\",\"today\":\"Paris\",\"country\":\"France\",\"x\":26.375,\"y\":49.71857410881801},{\"id\":\"31\",\"city\":\"Petrograd\",\"today\":\"St. Petersburg\",\"country\":\"Russia\",\"x\":83.875,\"y\":9.568480300187618},{\"id\":\"32\",\"city\":\"Riga\",\"today\":\"Riga\",\"country\":\"Latvia\",\"x\":67.75,\"y\":10.318949343339586},{\"id\":\"33\",\"city\":\"Roma\",\"today\":\"Rome\",\"country\":\"Italy\",\"x\":46,\"y\":74.85928705440901},{\"id\":\"34\",\"city\":\"Rostov\",\"today\":\"Rostov\",\"country\":\"Russia\",\"x\":95.625,\"y\":55.72232645403376},{\"id\":\"35\",\"city\":\"Sarajevo\",\"today\":\"Sarajevo\",\"country\":\"Bosnia and Herzegovina\",\"x\":61.375,\"y\":72.23264540337712},{\"id\":\"36\",\"city\":\"Sevastopol\",\"today\":\"Sevastopol\",\"country\":\"Ukraine\",\"x\":86.625,\"y\":66.60412757973734},{\"id\":\"37\",\"city\":\"Smolensk\",\"today\":\"Smolensk\",\"country\":\"Russia\",\"x\":85.125,\"y\":30.0187617260788},{\"id\":\"38\",\"city\":\"Smyrna\",\"today\":\"Izmir\",\"country\":\"Turkey\",\"x\":74.125,\"y\":93.24577861163228},{\"id\":\"39\",\"city\":\"Sochi\",\"today\":\"Sochi\",\"country\":\"Russia\",\"x\":95.125,\"y\":68.66791744840526},{\"id\":\"40\",\"city\":\"Sofia\",\"today\":\"Sofia\",\"country\":\"Bulgaria\",\"x\":67.625,\"y\":73.35834896810508},{\"id\":\"41\",\"city\":\"Stockholm\",\"today\":\"Stockholm\",\"country\":\"Sweden\",\"x\":56.25,\"y\":6.0037523452157595},{\"id\":\"42\",\"city\":\"Venezia\",\"today\":\"Venice\",\"country\":\"Italy\",\"x\":45.375,\"y\":62.10131332082551},{\"id\":\"43\",\"city\":\"Warszawa\",\"today\":\"Warsaw\",\"country\":\"Poland\",\"x\":64.625,\"y\":32.833020637898684},{\"id\":\"44\",\"city\":\"Wien\",\"today\":\"Vienna\",\"country\":\"Austria\",\"x\":54.75,\"y\":50.84427767354597},{\"id\":\"45\",\"city\":\"Wilno\",\"today\":\"Vilnius\",\"country\":\"Lithuania\",\"x\":75.125,\"y\":29.45590994371482},{\"id\":\"46\",\"city\":\"Zagrab\",\"today\":\"Zagreb\",\"country\":\"Croatia\",\"x\":53.37499999999999,\"y\":63.789868667917446},{\"id\":\"47\",\"city\":\"Zurich\",\"today\":\"Zurich\",\"country\":\"Switzerland\",\"x\":37.25,\"y\":57.410881801125704}],\"connections\":[{\"id\":1,\"from\":\"15\",\"fromCity\":\"Edinburgh\",\"to\":\"23\",\"toCity\":\"London\",\"elements\":[{\"x\":17,\"y\":13.133208255159476,\"rotation\":-22},{\"x\":18.375,\"y\":17.636022514071296,\"rotation\":-22},{\"x\":19.625,\"y\":22.5140712945591,\"rotation\":-22},{\"x\":21.125,\"y\":27.392120075046904,\"rotation\":-22}],\"color\":\"black\",\"locomotive\":0},{\"id\":2,\"from\":\"15\",\"fromCity\":\"Edinburgh\",\"to\":\"23\",\"toCity\":\"London\",\"elements\":[{\"x\":18.25,\"y\":12.195121951219512,\"rotation\":-22},{\"x\":19.5,\"y\":17.26078799249531,\"rotation\":-22},{\"x\":20.75,\"y\":22.138836772983115,\"rotation\":-22},{\"x\":22.375,\"y\":26.82926829268293,\"rotation\":-22}],\"color\":\"orange\",\"locomotive\":0,\"isBuilt\":true,\"ownerColor\":\"green\"},{\"id\":3,\"from\":\"23\",\"fromCity\":\"London\",\"to\":\"14\",\"toCity\":\"Dieppe\",\"elements\":[{\"x\":21.5,\"y\":34.146341463414636,\"rotation\":4},{\"x\":21.125,\"y\":39.02439024390244,\"rotation\":4}],\"color\":\"gray\",\"locomotive\":1},{\"id\":4,\"from\":\"23\",\"fromCity\":\"London\",\"to\":\"14\",\"toCity\":\"Dieppe\",\"elements\":[{\"x\":22.625,\"y\":33.95872420262664,\"rotation\":4},{\"x\":22.375,\"y\":39.21200750469043,\"rotation\":4}],\"color\":\"gray\",\"locomotive\":1},{\"id\":5,\"from\":\"23\",\"fromCity\":\"London\",\"to\":\"1\",\"toCity\":\"Amsterdam\",\"elements\":[{\"x\":25.25,\"y\":30.0187617260788,\"rotation\":93},{\"x\":28.625,\"y\":30.206378986866795,\"rotation\":93}],\"color\":\"gray\",\"locomotive\":2,\"isBuilt\":true,\"ownerColor\":\"green\"},{\"id\":6,\"from\":\"14\",\"fromCity\":\"Dieppe\",\"to\":\"6\",\"toCity\":\"Brest\",\"elements\":[{\"x\":18.75,\"y\":42.77673545966229,\"rotation\":90},{\"x\":15.25,\"y\":44.27767354596623,\"rotation\":62}],\"color\":\"orange\",\"locomotive\":0},{\"id\":7,\"from\":\"6\",\"fromCity\":\"Brest\",\"to\":\"30\",\"toCity\":\"Paris\",\"elements\":[{\"x\":15.75,\"y\":47.467166979362105,\"rotation\":96},{\"x\":19.125,\"y\":48.21763602251407,\"rotation\":96},{\"x\":22.625,\"y\":48.78048780487805,\"rotation\":96}],\"color\":\"black\",\"locomotive\":0,\"isBuilt\":true,\"ownerColor\":\"blue\"},{\"id\":8,\"from\":\"14\",\"fromCity\":\"Dieppe\",\"to\":\"30\",\"toCity\":\"Paris\",\"elements\":[{\"x\":23.875,\"y\":45.96622889305816,\"rotation\":-40}],\"color\":\"pink\",\"locomotive\":0},{\"id\":9,\"from\":\"14\",\"fromCity\":\"Dieppe\",\"to\":\"8\",\"toCity\":\"Bruxelles\",\"elements\":[{\"x\":24.375,\"y\":41.46341463414634,\"rotation\":55},{\"x\":27.125,\"y\":38.46153846153847,\"rotation\":55}],\"color\":\"green\",\"locomotive\":0},{\"id\":10,\"from\":\"1\",\"fromCity\":\"Amsterdam\",\"to\":\"8\",\"toCity\":\"Bruxelles\",\"elements\":[{\"x\":30.875000000000004,\"y\":33.95872420262664,\"rotation\":25}],\"color\":\"black\",\"locomotive\":0},{\"id\":11,\"from\":\"8\",\"fromCity\":\"Bruxelles\",\"to\":\"30\",\"toCity\":\"Paris\",\"elements\":[{\"x\":28.499999999999996,\"y\":40.71294559099437,\"rotation\":28},{\"x\":26.875,\"y\":45.21575984990619,\"rotation\":28}],\"color\":\"yellow\",\"locomotive\":0},{\"id\":12,\"from\":\"8\",\"fromCity\":\"Bruxelles\",\"to\":\"30\",\"toCity\":\"Paris\",\"elements\":[{\"x\":29.5,\"y\":41.651031894934334,\"rotation\":28},{\"x\":28.000000000000004,\"y\":45.96622889305816,\"rotation\":28}],\"color\":\"red\",\"locomotive\":0},{\"id\":13,\"from\":\"1\",\"fromCity\":\"Amsterdam\",\"to\":\"18\",\"toCity\":\"Frankfurt\",\"elements\":[{\"x\":34,\"y\":34.146341463414636,\"rotation\":-45},{\"x\":36.5,\"y\":37.89868667917448,\"rotation\":-45}],\"color\":\"white\",\"locomotive\":0,\"isBuilt\":true,\"ownerColor\":\"green\"},{\"id\":14,\"from\":\"8\",\"fromCity\":\"Bruxelles\",\"to\":\"18\",\"toCity\":\"Frankfurt\",\"elements\":[{\"x\":32.25,\"y\":37.5234521575985,\"rotation\":75},{\"x\":35.5,\"y\":39.02439024390244,\"rotation\":135}],\"color\":\"blue\",\"locomotive\":0},{\"id\":15,\"from\":\"1\",\"fromCity\":\"Amsterdam\",\"to\":\"17\",\"toCity\":\"Essen\",\"elements\":[{\"x\":32.125,\"y\":27.204502814258912,\"rotation\":15},{\"x\":34.625,\"y\":26.26641651031895,\"rotation\":105},{\"x\":37.75,\"y\":29.268292682926827,\"rotation\":140}],\"color\":\"yellow\",\"locomotive\":0},{\"id\":16,\"from\":\"6\",\"fromCity\":\"Brest\",\"to\":\"29\",\"toCity\":\"Pamplona\",\"elements\":[{\"x\":15.5,\"y\":49.906191369606,\"rotation\":110},{\"x\":18.25,\"y\":53.47091932457786,\"rotation\":145},{\"x\":19.5,\"y\":58.536585365853654,\"rotation\":175},{\"x\":19.75,\"y\":63.977485928705434,\"rotation\":0}],\"color\":\"pink\",\"locomotive\":0},{\"id\":17,\"from\":\"30\",\"fromCity\":\"Paris\",\"to\":\"29\",\"toCity\":\"Pamplona\",\"elements\":[{\"x\":24.25,\"y\":52.5328330206379,\"rotation\":7},{\"x\":23.5,\"y\":57.78611632270169,\"rotation\":15},{\"x\":22.375,\"y\":62.6641651031895,\"rotation\":20},{\"x\":20.875,\"y\":67.54221388367729,\"rotation\":35}],\"color\":\"blue\",\"locomotive\":0},{\"id\":18,\"from\":\"30\",\"fromCity\":\"Paris\",\"to\":\"29\",\"toCity\":\"Pamplona\",\"elements\":[{\"x\":25.624999999999996,\"y\":53.47091932457786,\"rotation\":7},{\"x\":24.75,\"y\":58.536585365853654,\"rotation\":15},{\"x\":23.625,\"y\":63.41463414634146,\"rotation\":20},{\"x\":21.875,\"y\":68.29268292682927,\"rotation\":35}],\"color\":\"green\",\"locomotive\":0},{\"id\":19,\"from\":\"29\",\"fromCity\":\"Pamplona\",\"to\":\"24\",\"toCity\":\"Madrid\",\"elements\":[{\"x\":17.25,\"y\":72.04502814258912,\"rotation\":55},{\"x\":14.499999999999998,\"y\":75.60975609756098,\"rotation\":45},{\"x\":12.25,\"y\":79.54971857410882,\"rotation\":40}],\"color\":\"black\",\"locomotive\":0},{\"id\":20,\"from\":\"29\",\"fromCity\":\"Pamplona\",\"to\":\"24\",\"toCity\":\"Madrid\",\"elements\":[{\"x\":18.125,\"y\":73.54596622889305,\"rotation\":57},{\"x\":15.375,\"y\":76.73545966228893,\"rotation\":45},{\"x\":13.125,\"y\":80.86303939962477,\"rotation\":38}],\"color\":\"white\",\"locomotive\":0},{\"id\":21,\"from\":\"24\",\"fromCity\":\"Madrid\",\"to\":\"22\",\"toCity\":\"Lisboa\",\"elements\":[{\"x\":9,\"y\":80.67542213883677,\"rotation\":-55},{\"x\":5.375,\"y\":78.79924953095684,\"rotation\":90},{\"x\":4.375,\"y\":82.17636022514071,\"rotation\":0}],\"color\":\"pink\",\"locomotive\":0},{\"id\":22,\"from\":\"24\",\"fromCity\":\"Madrid\",\"to\":\"11\",\"toCity\":\"Cadiz\",\"elements\":[{\"x\":13.125,\"y\":85.55347091932458,\"rotation\":-48},{\"x\":15,\"y\":89.8686679174484,\"rotation\":-20},{\"x\":13.25,\"y\":92.4953095684803,\"rotation\":72}],\"color\":\"orange\",\"locomotive\":0},{\"id\":23,\"from\":\"22\",\"fromCity\":\"Lisboa\",\"to\":\"11\",\"toCity\":\"Cadiz\",\"elements\":[{\"x\":5.625,\"y\":89.49343339587243,\"rotation\":-25},{\"x\":8.5,\"y\":92.87054409005628,\"rotation\":-80}],\"color\":\"blue\",\"locomotive\":0},{\"id\":24,\"from\":\"24\",\"fromCity\":\"Madrid\",\"to\":\"4\",\"toCity\":\"Barcelona\",\"elements\":[{\"x\":15.125,\"y\":83.67729831144464,\"rotation\":93},{\"x\":18.5,\"y\":84.05253283302065,\"rotation\":93}],\"color\":\"yellow\",\"locomotive\":0},{\"id\":25,\"from\":\"29\",\"fromCity\":\"Pamplona\",\"to\":\"4\",\"toCity\":\"Barcelona\",\"elements\":[{\"x\":20.75,\"y\":75.23452157598499,\"rotation\":-5},{\"x\":21.125,\"y\":80.48780487804879,\"rotation\":-5}],\"color\":\"gray\",\"locomotive\":0},{\"id\":26,\"from\":\"4\",\"fromCity\":\"Barcelona\",\"to\":\"25\",\"toCity\":\"Marseille\",\"elements\":[{\"x\":23.5,\"y\":81.05065666041276,\"rotation\":41},{\"x\":25.874999999999996,\"y\":77.6735459662289,\"rotation\":48},{\"x\":28.749999999999996,\"y\":74.48405253283302,\"rotation\":60},{\"x\":31.874999999999996,\"y\":72.23264540337712,\"rotation\":70}],\"color\":\"gray\",\"locomotive\":0},{\"id\":27,\"from\":\"29\",\"fromCity\":\"Pamplona\",\"to\":\"25\",\"toCity\":\"Marseille\",\"elements\":[{\"x\":23.25,\"y\":72.79549718574108,\"rotation\":110},{\"x\":25,\"y\":70.1688555347092,\"rotation\":20},{\"x\":27.875,\"y\":67.16697936210132,\"rotation\":93},{\"x\":31.374999999999996,\"y\":68.29268292682927,\"rotation\":115}],\"color\":\"red\",\"locomotive\":0},{\"id\":28,\"from\":\"30\",\"fromCity\":\"Paris\",\"to\":\"25\",\"toCity\":\"Marseille\",\"elements\":[{\"x\":27,\"y\":54.971857410881796,\"rotation\":0},{\"x\":28.375,\"y\":60.0375234521576,\"rotation\":-35},{\"x\":30.875000000000004,\"y\":63.60225140712945,\"rotation\":-60},{\"x\":33.625,\"y\":67.3545966228893,\"rotation\":-35}],\"color\":\"gray\",\"locomotive\":0},{\"id\":29,\"from\":\"30\",\"fromCity\":\"Paris\",\"to\":\"47\",\"toCity\":\"Zurich\",\"elements\":[{\"x\":28.875,\"y\":53.84615384615385,\"rotation\":-30},{\"x\":31.5,\"y\":57.223264540337716,\"rotation\":-65},{\"x\":35,\"y\":58.348968105065666,\"rotation\":90}],\"color\":\"gray\",\"locomotive\":0,\"isBuilt\":true,\"ownerColor\":\"blue\"},{\"id\":30,\"from\":\"47\",\"fromCity\":\"Zurich\",\"to\":\"25\",\"toCity\":\"Marseille\",\"elements\":[{\"x\":36.875,\"y\":61.16322701688556,\"rotation\":10},{\"x\":36.125,\"y\":66.22889305816135,\"rotation\":15}],\"color\":\"pink\",\"locomotive\":0},{\"id\":31,\"from\":\"30\",\"fromCity\":\"Paris\",\"to\":\"18\",\"toCity\":\"Frankfurt\",\"elements\":[{\"x\":29.625,\"y\":48.405253283302066,\"rotation\":70},{\"x\":33,\"y\":46.34146341463415,\"rotation\":60},{\"x\":35.875,\"y\":43.52720450281426,\"rotation\":55}],\"color\":\"white\",\"locomotive\":0},{\"id\":32,\"from\":\"30\",\"fromCity\":\"Paris\",\"to\":\"18\",\"toCity\":\"Frankfurt\",\"elements\":[{\"x\":30.125,\"y\":50.28142589118198,\"rotation\":70},{\"x\":33.5,\"y\":48.030018761726076,\"rotation\":60},{\"x\":36.5,\"y\":45.0281425891182,\"rotation\":55}],\"color\":\"orange\",\"locomotive\":0,\"isBuilt\":true,\"ownerColor\":\"blue\"},{\"id\":33,\"from\":\"17\",\"fromCity\":\"Essen\",\"to\":\"18\",\"toCity\":\"Frankfurt\",\"elements\":[{\"x\":39.875,\"y\":38.27392120075047,\"rotation\":65},{\"x\":41.5,\"y\":35.45966228893058,\"rotation\":-25}],\"color\":\"green\",\"locomotive\":0},{\"id\":34,\"from\":\"18\",\"fromCity\":\"Frankfurt\",\"to\":\"27\",\"toCity\":\"Munchen\",\"elements\":[{\"x\":39.125,\"y\":45.77861163227016,\"rotation\":-15},{\"x\":40.875,\"y\":48.78048780487805,\"rotation\":75}],\"color\":\"pink\",\"locomotive\":0,\"isBuilt\":true,\"ownerColor\":\"green\"},{\"id\":35,\"from\":\"47\",\"fromCity\":\"Zurich\",\"to\":\"27\",\"toCity\":\"Munchen\",\"elements\":[{\"x\":39.375,\"y\":54.59662288930581,\"rotation\":45},{\"x\":41.875,\"y\":51.21951219512195,\"rotation\":45}],\"color\":\"yellow\",\"locomotive\":0,\"isBuilt\":true,\"ownerColor\":\"blue\"},{\"id\":36,\"from\":\"47\",\"fromCity\":\"Zurich\",\"to\":\"42\",\"toCity\":\"Venezia\",\"elements\":[{\"x\":39.625,\"y\":59.09943714821764,\"rotation\":-60},{\"x\":42.75,\"y\":61.53846153846154,\"rotation\":-60}],\"color\":\"green\",\"locomotive\":0,\"isBuilt\":true,\"ownerColor\":\"blue\"},{\"id\":37,\"from\":\"27\",\"fromCity\":\"Munchen\",\"to\":\"42\",\"toCity\":\"Venezia\",\"elements\":[{\"x\":44,\"y\":53.283302063789876,\"rotation\":-10},{\"x\":44.75,\"y\":58.16135084427767,\"rotation\":-10}],\"color\":\"blue\",\"locomotive\":0,\"isBuilt\":true,\"ownerColor\":\"green\"},{\"id\":38,\"from\":\"25\",\"fromCity\":\"Marseille\",\"to\":\"33\",\"toCity\":\"Roma\",\"elements\":[{\"x\":37.25,\"y\":69.04315196998124,\"rotation\":52},{\"x\":40,\"y\":65.85365853658537,\"rotation\":52},{\"x\":42.375,\"y\":67.7298311444653,\"rotation\":-35},{\"x\":44.375,\"y\":72.04502814258912,\"rotation\":-35}],\"color\":\"gray\",\"locomotive\":0},{\"id\":39,\"from\":\"42\",\"fromCity\":\"Venezia\",\"to\":\"33\",\"toCity\":\"Roma\",\"elements\":[{\"x\":45.625,\"y\":66.04127579737336,\"rotation\":-10},{\"x\":46.375,\"y\":70.91932457786116,\"rotation\":-10}],\"color\":\"black\",\"locomotive\":0,\"isBuilt\":true,\"ownerColor\":\"blue\"},{\"id\":40,\"from\":\"18\",\"fromCity\":\"Frankfurt\",\"to\":\"5\",\"toCity\":\"Berlin\",\"elements\":[{\"x\":40.5,\"y\":40.150093808630395,\"rotation\":65},{\"x\":43.625,\"y\":37.71106941838649,\"rotation\":65},{\"x\":46.75,\"y\":35.647279549718576,\"rotation\":65}],\"color\":\"black\",\"locomotive\":0,\"isBuilt\":true,\"ownerColor\":\"blue\"},{\"id\":41,\"from\":\"18\",\"fromCity\":\"Frankfurt\",\"to\":\"5\",\"toCity\":\"Berlin\",\"elements\":[{\"x\":41,\"y\":41.651031894934334,\"rotation\":65},{\"x\":44.125,\"y\":39.39962476547842,\"rotation\":65},{\"x\":47.25,\"y\":37.3358348968105,\"rotation\":65}],\"color\":\"red\",\"locomotive\":0},{\"id\":42,\"from\":\"17\",\"fromCity\":\"Essen\",\"to\":\"5\",\"toCity\":\"Berlin\",\"elements\":[{\"x\":43.125,\"y\":31.70731707317073,\"rotation\":98},{\"x\":46.5,\"y\":32.270168855534706,\"rotation\":98}],\"color\":\"blue\",\"locomotive\":0},{\"id\":43,\"from\":\"17\",\"fromCity\":\"Essen\",\"to\":\"20\",\"toCity\":\"Kobenhavn\",\"elements\":[{\"x\":40.375,\"y\":28.142589118198874,\"rotation\":35},{\"x\":42.25,\"y\":23.827392120075046,\"rotation\":35},{\"x\":44.25,\"y\":19.324577861163228,\"rotation\":35}],\"color\":\"gray\",\"locomotive\":1},{\"id\":44,\"from\":\"17\",\"fromCity\":\"Essen\",\"to\":\"20\",\"toCity\":\"Kobenhavn\",\"elements\":[{\"x\":41.5,\"y\":29.080675422138835,\"rotation\":35},{\"x\":43.375,\"y\":24.577861163227016,\"rotation\":35},{\"x\":45.25,\"y\":20.26266416510319,\"rotation\":35}],\"color\":\"gray\",\"locomotive\":1},{\"id\":45,\"from\":\"20\",\"fromCity\":\"Kobenhavn\",\"to\":\"41\",\"toCity\":\"Stockholm\",\"elements\":[{\"x\":47.875,\"y\":13.696060037523452,\"rotation\":45},{\"x\":50.24999999999999,\"y\":9.943714821763603,\"rotation\":50},{\"x\":53.37499999999999,\"y\":6.941838649155723,\"rotation\":60}],\"color\":\"yellow\",\"locomotive\":0},{\"id\":46,\"from\":\"20\",\"fromCity\":\"Kobenhavn\",\"to\":\"41\",\"toCity\":\"Stockholm\",\"elements\":[{\"x\":48.75,\"y\":15.196998123827393,\"rotation\":45},{\"x\":51.125,\"y\":11.632270168855536,\"rotation\":50},{\"x\":54,\"y\":8.442776735459661,\"rotation\":60}],\"color\":\"white\",\"locomotive\":0},{\"id\":47,\"from\":\"27\",\"fromCity\":\"Munchen\",\"to\":\"44\",\"toCity\":\"Wien\",\"elements\":[{\"x\":45.5,\"y\":51.21951219512195,\"rotation\":-40},{\"x\":48.75,\"y\":53.65853658536586,\"rotation\":93},{\"x\":52.125,\"y\":51.969981238273924,\"rotation\":48}],\"color\":\"orange\",\"locomotive\":0},{\"id\":48,\"from\":\"42\",\"fromCity\":\"Venezia\",\"to\":\"46\",\"toCity\":\"Zagrab\",\"elements\":[{\"x\":47.875,\"y\":60.60037523452158,\"rotation\":75},{\"x\":51.125,\"y\":61.53846153846154,\"rotation\":-58}],\"color\":\"gray\",\"locomotive\":0,\"isBuilt\":true,\"ownerColor\":\"green\"},{\"id\":49,\"from\":\"33\",\"fromCity\":\"Roma\",\"to\":\"7\",\"toCity\":\"Brindisi\",\"elements\":[{\"x\":49.125,\"y\":73.73358348968105,\"rotation\":85},{\"x\":52.37500000000001,\"y\":75.79737335834896,\"rotation\":-40}],\"color\":\"white\",\"locomotive\":0},{\"id\":50,\"from\":\"33\",\"fromCity\":\"Roma\",\"to\":\"28\",\"toCity\":\"Palermo\",\"elements\":[{\"x\":48.125,\"y\":76.36022514071294,\"rotation\":-60},{\"x\":51.125,\"y\":80.1125703564728,\"rotation\":-38},{\"x\":52,\"y\":85.17823639774859,\"rotation\":3},{\"x\":50.74999999999999,\"y\":90.2439024390244,\"rotation\":40}],\"color\":\"gray\",\"locomotive\":1},{\"id\":51,\"from\":\"7\",\"fromCity\":\"Brindisi\",\"to\":\"28\",\"toCity\":\"Palermo\",\"elements\":[{\"x\":51.625,\"y\":91.36960600375235,\"rotation\":40},{\"x\":54,\"y\":87.4296435272045,\"rotation\":43},{\"x\":54.75,\"y\":82.36397748592871,\"rotation\":-23}],\"color\":\"gray\",\"locomotive\":1},{\"id\":52,\"from\":\"7\",\"fromCity\":\"Brindisi\",\"to\":\"3\",\"toCity\":\"Athina\",\"elements\":[{\"x\":56.00000000000001,\"y\":81.61350844277673,\"rotation\":-23},{\"x\":57.375,\"y\":86.30393996247655,\"rotation\":-23},{\"x\":59.875,\"y\":90.0562851782364,\"rotation\":-70},{\"x\":63.5,\"y\":90.61913696060037,\"rotation\":80}],\"color\":\"gray\",\"locomotive\":1},{\"id\":53,\"from\":\"28\",\"fromCity\":\"Palermo\",\"to\":\"38\",\"toCity\":\"Smyrna\",\"elements\":[{\"x\":54,\"y\":93.43339587242026,\"rotation\":90},{\"x\":57.375,\"y\":93.24577861163228,\"rotation\":90},{\"x\":61,\"y\":93.43339587242026,\"rotation\":90},{\"x\":64.5,\"y\":93.43339587242026,\"rotation\":90},{\"x\":67.875,\"y\":93.24577861163228,\"rotation\":90},{\"x\":71.625,\"y\":93.43339587242026,\"rotation\":90}],\"color\":\"gray\",\"locomotive\":2},{\"id\":54,\"from\":\"3\",\"fromCity\":\"Athina\",\"to\":\"38\",\"toCity\":\"Smyrna\",\"elements\":[{\"x\":68.375,\"y\":89.49343339587243,\"rotation\":90},{\"x\":71.875,\"y\":90.61913696060037,\"rotation\":-65}],\"color\":\"gray\",\"locomotive\":1},{\"id\":55,\"from\":\"5\",\"fromCity\":\"Berlin\",\"to\":\"13\",\"toCity\":\"Danzig\",\"elements\":[{\"x\":49.5,\"y\":29.45590994371482,\"rotation\":8},{\"x\":51.125,\"y\":24.202626641651033,\"rotation\":38},{\"x\":53.87499999999999,\"y\":21.575984990619137,\"rotation\":80},{\"x\":57.49999999999999,\"y\":21.575984990619137,\"rotation\":103}],\"color\":\"gray\",\"locomotive\":0},{\"id\":56,\"from\":\"5\",\"fromCity\":\"Berlin\",\"to\":\"43\",\"toCity\":\"Warszawa\",\"elements\":[{\"x\":51.5,\"y\":32.4577861163227,\"rotation\":73},{\"x\":54.87499999999999,\"y\":31.51969981238274,\"rotation\":84},{\"x\":58.5,\"y\":30.95684803001876,\"rotation\":90},{\"x\":62,\"y\":31.51969981238274,\"rotation\":-80}],\"color\":\"pink\",\"locomotive\":0},{\"id\":57,\"from\":\"5\",\"fromCity\":\"Berlin\",\"to\":\"43\",\"toCity\":\"Warszawa\",\"elements\":[{\"x\":51.5,\"y\":34.52157598499062,\"rotation\":73},{\"x\":55.00000000000001,\"y\":33.39587242026266,\"rotation\":84},{\"x\":58.5,\"y\":33.20825515947467,\"rotation\":90},{\"x\":61.875,\"y\":33.39587242026266,\"rotation\":-80}],\"color\":\"yellow\",\"locomotive\":0,\"isBuilt\":true,\"ownerColor\":\"blue\"},{\"id\":58,\"from\":\"5\",\"fromCity\":\"Berlin\",\"to\":\"44\",\"toCity\":\"Wien\",\"elements\":[{\"x\":49.875,\"y\":38.27392120075047,\"rotation\":-15},{\"x\":51.24999999999999,\"y\":42.964352720450286,\"rotation\":-30},{\"x\":53,\"y\":47.467166979362105,\"rotation\":-38}],\"color\":\"green\",\"locomotive\":0},{\"id\":59,\"from\":\"13\",\"fromCity\":\"Danzig\",\"to\":\"43\",\"toCity\":\"Warszawa\",\"elements\":[{\"x\":62,\"y\":24.765478424015008,\"rotation\":-58},{\"x\":64,\"y\":29.080675422138835,\"rotation\":-12}],\"color\":\"gray\",\"locomotive\":0},{\"id\":60,\"from\":\"13\",\"fromCity\":\"Danzig\",\"to\":\"32\",\"toCity\":\"Riga\",\"elements\":[{\"x\":60.62499999999999,\"y\":19.324577861163228,\"rotation\":18},{\"x\":62.375,\"y\":14.634146341463413,\"rotation\":40},{\"x\":65.375,\"y\":11.25703564727955,\"rotation\":72}],\"color\":\"black\",\"locomotive\":0},{\"id\":61,\"from\":\"43\",\"fromCity\":\"Warszawa\",\"to\":\"44\",\"toCity\":\"Wien\",\"elements\":[{\"x\":56.49999999999999,\"y\":48.21763602251407,\"rotation\":58},{\"x\":59.25,\"y\":45.0281425891182,\"rotation\":48},{\"x\":61.625,\"y\":41.088180112570356,\"rotation\":38},{\"x\":63.5,\"y\":36.58536585365854,\"rotation\":30}],\"color\":\"blue\",\"locomotive\":0},{\"id\":62,\"from\":\"44\",\"fromCity\":\"Wien\",\"to\":\"46\",\"toCity\":\"Zagrab\",\"elements\":[{\"x\":53.75,\"y\":54.22138836772983,\"rotation\":5},{\"x\":53.5,\"y\":59.66228893058161,\"rotation\":5}],\"color\":\"gray\",\"locomotive\":0},{\"id\":63,\"from\":\"44\",\"fromCity\":\"Wien\",\"to\":\"10\",\"toCity\":\"Budapest\",\"elements\":[{\"x\":56.875,\"y\":52.34521575984991,\"rotation\":-58}],\"color\":\"red\",\"locomotive\":0},{\"id\":64,\"from\":\"44\",\"fromCity\":\"Wien\",\"to\":\"10\",\"toCity\":\"Budapest\",\"elements\":[{\"x\":56.25,\"y\":54.03377110694184,\"rotation\":-58}],\"color\":\"white\",\"locomotive\":0},{\"id\":65,\"from\":\"46\",\"fromCity\":\"Zagrab\",\"to\":\"10\",\"toCity\":\"Budapest\",\"elements\":[{\"x\":57.49999999999999,\"y\":57.223264540337716,\"rotation\":30},{\"x\":55.375,\"y\":61.53846153846154,\"rotation\":48}],\"color\":\"orange\",\"locomotive\":0},{\"id\":66,\"from\":\"46\",\"fromCity\":\"Zagrab\",\"to\":\"35\",\"toCity\":\"Sarajevo\",\"elements\":[{\"x\":53.5,\"y\":67.54221388367729,\"rotation\":-7},{\"x\":55.50000000000001,\"y\":72.04502814258912,\"rotation\":-53},{\"x\":58.875,\"y\":73.17073170731707,\"rotation\":72}],\"color\":\"red\",\"locomotive\":0,\"isBuilt\":true,\"ownerColor\":\"green\"},{\"id\":67,\"from\":\"10\",\"fromCity\":\"Budapest\",\"to\":\"35\",\"toCity\":\"Sarajevo\",\"elements\":[{\"x\":59.75,\"y\":58.16135084427767,\"rotation\":-10},{\"x\":60.25,\"y\":63.22701688555347,\"rotation\":-10},{\"x\":60.75000000000001,\"y\":68.48030018761726,\"rotation\":-10}],\"color\":\"pink\",\"locomotive\":0},{\"id\":68,\"from\":\"35\",\"fromCity\":\"Sarajevo\",\"to\":\"3\",\"toCity\":\"Athina\",\"elements\":[{\"x\":61.25000000000001,\"y\":75.79737335834896,\"rotation\":3},{\"x\":61.12499999999999,\"y\":81.05065666041276,\"rotation\":3},{\"x\":60.75000000000001,\"y\":86.11632270168855,\"rotation\":3},{\"x\":63.125,\"y\":88.18011257035647,\"rotation\":93}],\"color\":\"green\",\"locomotive\":0,\"isBuilt\":true,\"ownerColor\":\"green\"},{\"id\":69,\"from\":\"35\",\"fromCity\":\"Sarajevo\",\"to\":\"40\",\"toCity\":\"Sofia\",\"elements\":[{\"x\":63.625,\"y\":70.1688555347092,\"rotation\":65},{\"x\":66.25,\"y\":70.1688555347092,\"rotation\":-25}],\"color\":\"gray\",\"locomotive\":0,\"isBuilt\":true,\"ownerColor\":\"green\"},{\"id\":70,\"from\":\"40\",\"fromCity\":\"Sofia\",\"to\":\"3\",\"toCity\":\"Athina\",\"elements\":[{\"x\":66.125,\"y\":75.60975609756098,\"rotation\":43},{\"x\":64.375,\"y\":81.05065666041276,\"rotation\":5},{\"x\":65.25,\"y\":85.92870544090057,\"rotation\":-32}],\"color\":\"pink\",\"locomotive\":0},{\"id\":71,\"from\":\"40\",\"fromCity\":\"Sofia\",\"to\":\"12\",\"toCity\":\"Constantinople\",\"elements\":[{\"x\":69.75,\"y\":75.23452157598499,\"rotation\":-60},{\"x\":72.875,\"y\":77.86116322701689,\"rotation\":-60},{\"x\":75.875,\"y\":80.30018761726079,\"rotation\":-60}],\"color\":\"blue\",\"locomotive\":0},{\"id\":72,\"from\":\"12\",\"fromCity\":\"Constantinople\",\"to\":\"38\",\"toCity\":\"Smyrna\",\"elements\":[{\"x\":76.75,\"y\":84.9906191369606,\"rotation\":28},{\"x\":75.125,\"y\":89.6810506566604,\"rotation\":28}],\"color\":\"gray\",\"locomotive\":0},{\"id\":73,\"from\":\"40\",\"fromCity\":\"Sofia\",\"to\":\"9\",\"toCity\":\"Bucuresti\",\"elements\":[{\"x\":72.375,\"y\":67.7298311444653,\"rotation\":5},{\"x\":70.125,\"y\":71.48217636022514,\"rotation\":75}],\"color\":\"gray\",\"locomotive\":0,\"isBuilt\":true,\"ownerColor\":\"green\"},{\"id\":74,\"from\":\"10\",\"fromCity\":\"Budapest\",\"to\":\"9\",\"toCity\":\"Bucuresti\",\"elements\":[{\"x\":61.625,\"y\":55.34709193245778,\"rotation\":-62},{\"x\":64.75,\"y\":57.78611632270169,\"rotation\":-62},{\"x\":67.75,\"y\":60.41275797373359,\"rotation\":-62},{\"x\":70.875,\"y\":62.6641651031895,\"rotation\":-62}],\"color\":\"gray\",\"locomotive\":0},{\"id\":75,\"from\":\"9\",\"fromCity\":\"Bucuresti\",\"to\":\"12\",\"toCity\":\"Constantinople\",\"elements\":[{\"x\":74.5,\"y\":68.10506566604127,\"rotation\":-23},{\"x\":75.875,\"y\":72.79549718574108,\"rotation\":-23},{\"x\":77.125,\"y\":77.6735459662289,\"rotation\":-23}],\"color\":\"yellow\",\"locomotive\":0},{\"id\":76,\"from\":\"10\",\"fromCity\":\"Budapest\",\"to\":\"21\",\"toCity\":\"Kyiv\",\"elements\":[{\"x\":60.375,\"y\":50.84427767354597,\"rotation\":43},{\"x\":63.24999999999999,\"y\":47.091932457786115,\"rotation\":55},{\"x\":66.125,\"y\":44.27767354596623,\"rotation\":62},{\"x\":69.375,\"y\":42.40150093808631,\"rotation\":68},{\"x\":72.75,\"y\":41.275797373358344,\"rotation\":88},{\"x\":76.375,\"y\":41.46341463414634,\"rotation\":93}],\"color\":\"gray\",\"locomotive\":0},{\"id\":77,\"from\":\"9\",\"fromCity\":\"Bucuresti\",\"to\":\"21\",\"toCity\":\"Kyiv\",\"elements\":[{\"x\":77,\"y\":45.40337711069418,\"rotation\":18},{\"x\":75.875,\"y\":50.28142589118198,\"rotation\":18},{\"x\":74.75,\"y\":55.34709193245778,\"rotation\":18},{\"x\":73.75,\"y\":60.0375234521576,\"rotation\":18}],\"color\":\"gray\",\"locomotive\":0},{\"id\":78,\"from\":\"43\",\"fromCity\":\"Warszawa\",\"to\":\"21\",\"toCity\":\"Kyiv\",\"elements\":[{\"x\":66.25,\"y\":35.45966228893058,\"rotation\":-42},{\"x\":69.25,\"y\":38.46153846153847,\"rotation\":-68},{\"x\":72.75,\"y\":39.39962476547842,\"rotation\":88},{\"x\":76.25,\"y\":39.39962476547842,\"rotation\":93}],\"color\":\"gray\",\"locomotive\":0},{\"id\":79,\"from\":\"21\",\"fromCity\":\"Kyiv\",\"to\":\"45\",\"toCity\":\"Wilno\",\"elements\":[{\"x\":77.5,\"y\":31.894934333958723,\"rotation\":-55},{\"x\":79,\"y\":36.39774859287054,\"rotation\":2}],\"color\":\"gray\",\"locomotive\":0},{\"id\":80,\"from\":\"43\",\"fromCity\":\"Warszawa\",\"to\":\"45\",\"toCity\":\"Wilno\",\"elements\":[{\"x\":66.25,\"y\":30.0187617260788,\"rotation\":27},{\"x\":69.125,\"y\":26.82926829268293,\"rotation\":80},{\"x\":72.625,\"y\":27.954971857410882,\"rotation\":-58}],\"color\":\"red\",\"locomotive\":0,\"isBuilt\":true,\"ownerColor\":\"blue\"},{\"id\":81,\"from\":\"32\",\"fromCity\":\"Riga\",\"to\":\"45\",\"toCity\":\"Wilno\",\"elements\":[{\"x\":67.5,\"y\":13.883677298311445,\"rotation\":12},{\"x\":68.125,\"y\":19.324577861163228,\"rotation\":-25},{\"x\":70.5,\"y\":23.452157598499063,\"rotation\":-58},{\"x\":73.375,\"y\":26.07879924953096,\"rotation\":-58}],\"color\":\"green\",\"locomotive\":0},{\"id\":82,\"from\":\"41\",\"fromCity\":\"Stockholm\",\"to\":\"31\",\"toCity\":\"Petrograd\",\"elements\":[{\"x\":58.12500000000001,\"y\":9.193245778611631,\"rotation\":-38},{\"x\":60.62499999999999,\"y\":7.879924953095685,\"rotation\":50},{\"x\":63.87500000000001,\"y\":6.191369606003752,\"rotation\":90},{\"x\":67.625,\"y\":6.191369606003752,\"rotation\":90},{\"x\":70.875,\"y\":6.191369606003752,\"rotation\":90},{\"x\":74.5,\"y\":6.191369606003752,\"rotation\":90},{\"x\":78,\"y\":6.191369606003752,\"rotation\":90},{\"x\":81.5,\"y\":7.5046904315197,\"rotation\":-70}],\"color\":\"gray\",\"locomotive\":0},{\"id\":83,\"from\":\"32\",\"fromCity\":\"Riga\",\"to\":\"31\",\"toCity\":\"Petrograd\",\"elements\":[{\"x\":70.5,\"y\":10.506566604127581,\"rotation\":89},{\"x\":73.875,\"y\":10.318949343339586,\"rotation\":89},{\"x\":77.375,\"y\":9.943714821763603,\"rotation\":89},{\"x\":81,\"y\":9.943714821763603,\"rotation\":89}],\"color\":\"gray\",\"locomotive\":0},{\"id\":84,\"from\":\"45\",\"fromCity\":\"Wilno\",\"to\":\"31\",\"toCity\":\"Petrograd\",\"elements\":[{\"x\":82.625,\"y\":13.133208255159476,\"rotation\":35},{\"x\":80.625,\"y\":17.26078799249531,\"rotation\":35},{\"x\":78.625,\"y\":21.388367729831145,\"rotation\":35},{\"x\":76.5,\"y\":25.70356472795497,\"rotation\":35}],\"color\":\"blue\",\"locomotive\":0,\"isBuilt\":true,\"ownerColor\":\"blue\"},{\"id\":85,\"from\":\"45\",\"fromCity\":\"Wilno\",\"to\":\"37\",\"toCity\":\"Smolensk\",\"elements\":[{\"x\":77.5,\"y\":27.01688555347092,\"rotation\":35},{\"x\":79.875,\"y\":24.953095684803,\"rotation\":-55},{\"x\":82.625,\"y\":27.954971857410882,\"rotation\":-55}],\"color\":\"yellow\",\"locomotive\":0},{\"id\":86,\"from\":\"37\",\"fromCity\":\"Smolensk\",\"to\":\"21\",\"toCity\":\"Kyiv\",\"elements\":[{\"x\":85.625,\"y\":33.771106941838646,\"rotation\":-18},{\"x\":84.875,\"y\":38.83677298311445,\"rotation\":45},{\"x\":81.5,\"y\":40.71294559099437,\"rotation\":95}],\"color\":\"red\",\"locomotive\":0},{\"id\":87,\"from\":\"21\",\"fromCity\":\"Kyiv\",\"to\":\"19\",\"toCity\":\"Kharkov\",\"elements\":[{\"x\":79.75,\"y\":44.46529080675422,\"rotation\":-20},{\"x\":82.125,\"y\":48.405253283302066,\"rotation\":-60},{\"x\":85.5,\"y\":49.71857410881801,\"rotation\":93},{\"x\":89.25,\"y\":48.96810506566604,\"rotation\":73}],\"color\":\"gray\",\"locomotive\":0},{\"id\":88,\"from\":\"19\",\"fromCity\":\"Kharkov\",\"to\":\"34\",\"toCity\":\"Rostov\",\"elements\":[{\"x\":94.5,\"y\":48.405253283302066,\"rotation\":90},{\"x\":95.5,\"y\":51.78236397748592,\"rotation\":0}],\"color\":\"green\",\"locomotive\":0,\"isBuilt\":true,\"ownerColor\":\"green\"},{\"id\":89,\"from\":\"34\",\"fromCity\":\"Rostov\",\"to\":\"36\",\"toCity\":\"Sevastopol\",\"elements\":[{\"x\":87.5,\"y\":62.851782363977485,\"rotation\":10},{\"x\":88,\"y\":57.5984990619137,\"rotation\":10},{\"x\":89.5,\"y\":54.03377110694184,\"rotation\":-80},{\"x\":92.875,\"y\":54.971857410881796,\"rotation\":-80}],\"color\":\"gray\",\"locomotive\":0},{\"id\":90,\"from\":\"9\",\"fromCity\":\"Bucuresti\",\"to\":\"36\",\"toCity\":\"Sevastopol\",\"elements\":[{\"x\":75.5,\"y\":61.72607879924953,\"rotation\":47},{\"x\":78.625,\"y\":58.91181988742964,\"rotation\":75},{\"x\":82.25,\"y\":59.849906191369605,\"rotation\":-65},{\"x\":85.125,\"y\":63.22701688555347,\"rotation\":-40}],\"color\":\"white\",\"locomotive\":0,\"isBuilt\":true,\"ownerColor\":\"green\"},{\"id\":91,\"from\":\"34\",\"fromCity\":\"Rostov\",\"to\":\"39\",\"toCity\":\"Sochi\",\"elements\":[{\"x\":95.375,\"y\":59.47467166979362,\"rotation\":3},{\"x\":95.125,\"y\":64.54033771106941,\"rotation\":5}],\"color\":\"gray\",\"locomotive\":0,\"isBuilt\":true,\"ownerColor\":\"blue\"},{\"id\":92,\"from\":\"36\",\"fromCity\":\"Sevastopol\",\"to\":\"39\",\"toCity\":\"Sochi\",\"elements\":[{\"x\":89.25,\"y\":66.97936210131333,\"rotation\":-80},{\"x\":92.5,\"y\":67.7298311444653,\"rotation\":-80}],\"color\":\"gray\",\"locomotive\":1},{\"id\":93,\"from\":\"36\",\"fromCity\":\"Sevastopol\",\"to\":\"12\",\"toCity\":\"Constantinople\",\"elements\":[{\"x\":79.75,\"y\":78.98686679174483,\"rotation\":37},{\"x\":82.125,\"y\":77.11069418386491,\"rotation\":-53},{\"x\":84.5,\"y\":75.23452157598499,\"rotation\":37},{\"x\":85.5,\"y\":70.1688555347092,\"rotation\":0}],\"color\":\"gray\",\"locomotive\":2},{\"id\":94,\"from\":\"36\",\"fromCity\":\"Sevastopol\",\"to\":\"16\",\"toCity\":\"Erzurum\",\"elements\":[{\"x\":86.875,\"y\":70.1688555347092,\"rotation\":0},{\"x\":87.125,\"y\":75.42213883677297,\"rotation\":-10},{\"x\":88.5,\"y\":80.48780487804879,\"rotation\":-32},{\"x\":90.875,\"y\":84.24015009380864,\"rotation\":-58}],\"color\":\"gray\",\"locomotive\":2},{\"id\":95,\"from\":\"39\",\"fromCity\":\"Sochi\",\"to\":\"16\",\"toCity\":\"Erzurum\",\"elements\":[{\"x\":94.625,\"y\":72.79549718574108,\"rotation\":8},{\"x\":94.25,\"y\":77.6735459662289,\"rotation\":8},{\"x\":93.625,\"y\":82.92682926829268,\"rotation\":8}],\"color\":\"red\",\"locomotive\":0,\"isBuilt\":true,\"ownerColor\":\"blue\"},{\"id\":96,\"from\":\"16\",\"fromCity\":\"Erzurum\",\"to\":\"2\",\"toCity\":\"Angora\",\"elements\":[{\"x\":88,\"y\":91.55722326454033,\"rotation\":-60},{\"x\":91.5,\"y\":92.3076923076923,\"rotation\":80},{\"x\":93.75,\"y\":90.0562851782364,\"rotation\":-10}],\"color\":\"black\",\"locomotive\":0},{\"id\":97,\"from\":\"2\",\"fromCity\":\"Angora\",\"to\":\"12\",\"toCity\":\"Constantinople\",\"elements\":[{\"x\":80.625,\"y\":84.42776735459663,\"rotation\":-55},{\"x\":83.375,\"y\":87.4296435272045,\"rotation\":-55}],\"color\":\"gray\",\"locomotive\":0},{\"id\":98,\"from\":\"2\",\"fromCity\":\"Angora\",\"to\":\"38\",\"toCity\":\"Smyrna\",\"elements\":[{\"x\":76.875,\"y\":93.80863039399625,\"rotation\":93},{\"x\":80.25,\"y\":93.62101313320825,\"rotation\":85},{\"x\":83.75,\"y\":91.74484052532833,\"rotation\":64}],\"color\":\"orange\",\"locomotive\":0},{\"id\":99,\"from\":\"37\",\"fromCity\":\"Smolensk\",\"to\":\"26\",\"toCity\":\"Moskva\",\"elements\":[{\"x\":87.5,\"y\":30.206378986866795,\"rotation\":94},{\"x\":91,\"y\":28.517823639774857,\"rotation\":52}],\"color\":\"orange\",\"locomotive\":0},{\"id\":100,\"from\":\"31\",\"fromCity\":\"Petrograd\",\"to\":\"26\",\"toCity\":\"Moskva\",\"elements\":[{\"x\":86.25,\"y\":10.694183864915573,\"rotation\":-70},{\"x\":89.5,\"y\":13.320825515947469,\"rotation\":-48},{\"x\":91.625,\"y\":17.636022514071296,\"rotation\":-28},{\"x\":92.625,\"y\":23.076923076923077,\"rotation\":-5}],\"color\":\"white\",\"locomotive\":0},{\"id\":101,\"from\":\"26\",\"fromCity\":\"Moskva\",\"to\":\"19\",\"toCity\":\"Kharkov\",\"elements\":[{\"x\":94.25,\"y\":30.0187617260788,\"rotation\":-25},{\"x\":95.375,\"y\":35.0844277673546,\"rotation\":-10},{\"x\":95.125,\"y\":40.52532833020638,\"rotation\":15},{\"x\":93.375,\"y\":45.0281425891182,\"rotation\":45}],\"color\":\"gray\",\"locomotive\":0}],\"routeDeck\":[{\"id\":\"25\",\"from\":\"25\",\"to\":\"17\",\"fromCity\":\"Marseille\",\"toCity\":\"Essen\",\"value\":\"8\"},{\"id\":\"36\",\"from\":\"3\",\"to\":\"45\",\"fromCity\":\"Athina\",\"toCity\":\"Wilno\",\"value\":\"11\"},{\"id\":\"37\",\"from\":\"41\",\"to\":\"44\",\"fromCity\":\"Stockholm\",\"toCity\":\"Wien\",\"value\":\"11\"},{\"id\":\"27\",\"from\":\"24\",\"to\":\"47\",\"fromCity\":\"Madrid\",\"toCity\":\"Zurich\",\"value\":\"8\"},{\"id\":\"15\",\"from\":\"1\",\"to\":\"29\",\"fromCity\":\"Amsterdam\",\"toCity\":\"Pamplona\",\"value\":\"7\"},{\"id\":\"11\",\"from\":\"30\",\"to\":\"46\",\"fromCity\":\"Paris\",\"toCity\":\"Zagrab\",\"value\":\"7\"},{\"id\":\"13\",\"from\":\"23\",\"to\":\"5\",\"fromCity\":\"London\",\"toCity\":\"Berlin\",\"value\":\"7\"},{\"id\":\"40\",\"from\":\"18\",\"to\":\"37\",\"fromCity\":\"Frankfurt\",\"toCity\":\"Smolensk\",\"value\":\"13\"},{\"id\":\"3\",\"from\":\"18\",\"to\":\"20\",\"fromCity\":\"Frankfurt\",\"toCity\":\"Kobenhavn\",\"value\":\"5\"},{\"id\":\"39\",\"from\":\"1\",\"to\":\"45\",\"fromCity\":\"Amsterdam\",\"toCity\":\"Wilno\",\"value\":\"12\"},{\"id\":\"9\",\"from\":\"43\",\"to\":\"37\",\"fromCity\":\"Warszawa\",\"toCity\":\"Smolensk\",\"value\":\"6\"},{\"id\":\"19\",\"from\":\"24\",\"to\":\"14\",\"fromCity\":\"Madrid\",\"toCity\":\"Dieppe\",\"value\":\"8\"},{\"id\":\"35\",\"from\":\"23\",\"to\":\"44\",\"fromCity\":\"London\",\"toCity\":\"Wien\",\"value\":\"10\"},{\"id\":\"7\",\"from\":\"47\",\"to\":\"7\",\"fromCity\":\"Zurich\",\"toCity\":\"Brindisi\",\"value\":\"6\"},{\"id\":\"32\",\"from\":\"32\",\"to\":\"9\",\"fromCity\":\"Riga\",\"toCity\":\"Bucuresti\",\"value\":\"10\"},{\"id\":\"21\",\"from\":\"30\",\"to\":\"44\",\"fromCity\":\"Paris\",\"toCity\":\"Wien\",\"value\":\"8\"},{\"id\":\"17\",\"from\":\"28\",\"to\":\"12\",\"fromCity\":\"Palermo\",\"toCity\":\"Constantinople\",\"value\":\"8\"},{\"id\":\"38\",\"from\":\"5\",\"to\":\"26\",\"fromCity\":\"Berlin\",\"toCity\":\"Moskva\",\"value\":\"12\"},{\"id\":\"1\",\"from\":\"3\",\"to\":\"2\",\"fromCity\":\"Athina\",\"toCity\":\"Angora\",\"value\":\"5\"},{\"id\":\"29\",\"from\":\"8\",\"to\":\"13\",\"fromCity\":\"Bruxelles\",\"toCity\":\"Danzig\",\"value\":\"9\"},{\"id\":\"28\",\"from\":\"5\",\"to\":\"9\",\"fromCity\":\"Berlin\",\"toCity\":\"Bucuresti\",\"value\":\"8\"},{\"id\":\"31\",\"from\":\"2\",\"to\":\"19\",\"fromCity\":\"Angora\",\"toCity\":\"Kharkov\",\"value\":\"10\"},{\"id\":\"10\",\"from\":\"46\",\"to\":\"7\",\"fromCity\":\"Zagrab\",\"toCity\":\"Brindisi\",\"value\":\"6\"},{\"id\":\"12\",\"from\":\"6\",\"to\":\"25\",\"fromCity\":\"Brest\",\"toCity\":\"Marseille\",\"value\":\"7\"},{\"id\":\"5\",\"from\":\"40\",\"to\":\"38\",\"fromCity\":\"Sofia\",\"toCity\":\"Smyrna\",\"value\":\"5\"},{\"id\":\"8\",\"from\":\"47\",\"to\":\"10\",\"fromCity\":\"Zurich\",\"toCity\":\"Budapest\",\"value\":\"6\"},{\"id\":\"20\",\"from\":\"4\",\"to\":\"8\",\"fromCity\":\"Barcelona\",\"toCity\":\"Bruxelles\",\"value\":\"8\"},{\"id\":\"26\",\"from\":\"21\",\"to\":\"39\",\"fromCity\":\"Kyiv\",\"toCity\":\"Sochi\",\"value\":\"8\"},{\"id\":\"23\",\"from\":\"6\",\"to\":\"42\",\"fromCity\":\"Brest\",\"toCity\":\"Venezia\",\"value\":\"8\"},{\"id\":\"2\",\"from\":\"10\",\"to\":\"40\",\"fromCity\":\"Budapest\",\"toCity\":\"Sofia\",\"value\":\"5\"},{\"id\":\"33\",\"from\":\"17\",\"to\":\"21\",\"fromCity\":\"Essen\",\"toCity\":\"Kyiv\",\"value\":\"10\"},{\"id\":\"6\",\"from\":\"21\",\"to\":\"31\",\"fromCity\":\"Kyiv\",\"toCity\":\"Petrograd\",\"value\":\"6\"},{\"id\":\"34\",\"from\":\"42\",\"to\":\"12\",\"fromCity\":\"Venezia\",\"toCity\":\"Constantinople\",\"value\":\"10\"},{\"id\":\"14\",\"from\":\"15\",\"to\":\"30\",\"fromCity\":\"Edinburgh\",\"toCity\":\"Paris\",\"value\":\"7\"},{\"id\":\"16\",\"from\":\"33\",\"to\":\"38\",\"fromCity\":\"Roma\",\"toCity\":\"Smyrna\",\"value\":\"8\"},{\"id\":\"22\",\"from\":\"4\",\"to\":\"27\",\"fromCity\":\"Barcelona\",\"toCity\":\"Munchen\",\"value\":\"8\"}],\"longRouteDeck\":[{\"id\":\"44\",\"from\":\"20\",\"to\":\"16\",\"fromCity\":\"Kobenhavn\",\"toCity\":\"Erzurum\",\"value\":\"21\"},{\"id\":\"46\",\"from\":\"11\",\"to\":\"41\",\"fromCity\":\"Cadiz\",\"toCity\":\"Stockholm\",\"value\":\"21\"},{\"id\":\"41\",\"from\":\"22\",\"to\":\"13\",\"fromCity\":\"Lisboa\",\"toCity\":\"Danzig\",\"value\":\"20\"},{\"id\":\"43\",\"from\":\"28\",\"to\":\"26\",\"fromCity\":\"Palermo\",\"toCity\":\"Moskva\",\"value\":\"20\"}],\"trainCardDeck\":[\"yellow\",\"green\",\"black\",\"red\",\"blue\",\"black\",\"orange\",\"yellow\",\"locomotive\",\"white\",\"pink\",\"pink\",\"black\",\"orange\",\"orange\",\"orange\",\"green\",\"green\",\"locomotive\",\"blue\",\"locomotive\",\"pink\",\"pink\",\"black\",\"locomotive\",\"red\"],\"trainDiscardPile\":[\"white\",\"white\",\"white\",\"white\",\"blue\",\"blue\",\"blue\",\"blue\",\"yellow\",\"yellow\",\"yellow\",\"yellow\",\"green\",\"green\",\"green\",\"green\",\"red\",\"red\",\"red\",\"black\",\"black\",\"black\",\"yellow\",\"yellow\",\"orange\",\"orange\",\"orange\",\"pink\",\"pink\",\"blue\",\"blue\",\"red\",\"red\",\"red\",\"locomotive\",\"locomotive\",\"locomotive\",\"white\",\"white\",\"black\",\"black\",\"locomotive\",\"locomotive\",\"orange\",\"orange\",\"orange\",\"locomotive\",\"blue\",\"blue\",\"green\",\"green\",\"yellow\",\"yellow\",\"pink\",\"pink\",\"white\",\"white\",\"white\",\"red\",\"red\",\"red\",\"black\",\"black\",\"green\",\"green\"],\"trainCardRoster\":[\"yellow\",\"pink\",\"locomotive\",\"yellow\",\"locomotive\"],\"actionLog\":[{\"name\":\"is futile.\",\"id\":1,\"text\":\"picked a blue cart.\"},{\"name\":\"is futile.\",\"id\":1,\"text\":\"picked a black cart.\"},{\"name\":\"Resistance\",\"id\":0,\"text\":\"built connection between Rostov and Kharkov with green,green.\"},{\"name\":\"is futile.\",\"id\":1,\"text\":\"built connection between Sochi and Rostov with black,black.\"},{\"name\":\"Resistance\",\"id\":0,\"text\":\"picked a pink cart.\"},{\"name\":\"Resistance\",\"id\":0,\"text\":\"picked a red cart.\"},{\"name\":\"is futile.\",\"id\":1,\"text\":\"built connection between Erzurum and Sochi with red,red,red.\"},{\"name\":\"Resistance\",\"id\":0,\"text\":\"picked a white cart.\"},{\"name\":\"Resistance\",\"id\":0,\"text\":\"picked a white cart.\"},{\"name\":\"is futile.\",\"id\":1,\"text\":\"picked a black cart.\"},{\"name\":\"is futile.\",\"id\":1,\"text\":\"picked a red cart.\"}],\"determShuffle\":true},\"players\":[{\"id\":0,\"name\":\"Resistance\",\"color\":\"green\",\"score\":0,\"playerFirstRound\":false,\"carts\":14,\"trainCards\":{\"black\":0,\"blue\":0,\"green\":0,\"orange\":1,\"pink\":0,\"red\":0,\"white\":2,\"yellow\":0,\"locomotive\":0},\"routeCards\":[{\"id\":\"24\",\"from\":\"37\",\"to\":\"34\",\"fromCity\":\"Smolensk\",\"toCity\":\"Rostov\",\"value\":\"8\"},{\"id\":\"18\",\"from\":\"35\",\"to\":\"36\",\"fromCity\":\"Sarajevo\",\"toCity\":\"Sevastopol\",\"value\":\"8\",\"path\":{\"connectionIdList\":[69,73,90],\"cityIdList\":[\"35\",\"40\",\"9\",\"36\"]},\"finished\":true}],\"longRouteCard\":{\"id\":\"45\",\"from\":\"15\",\"to\":\"3\",\"fromCity\":\"Edinburgh\",\"toCity\":\"Athina\",\"value\":\"21\",\"path\":{\"connectionIdList\":[2,5,13,34,37,48,66,68],\"cityIdList\":[\"15\",\"23\",\"1\",\"18\",\"27\",\"42\",\"46\",\"35\",\"3\"]},\"finished\":true},\"builtConnections\":[{\"id\":90,\"from\":\"9\",\"fromCity\":\"Bucuresti\",\"to\":\"36\",\"toCity\":\"Sevastopol\",\"elements\":[{\"x\":75.5,\"y\":61.72607879924953,\"rotation\":47},{\"x\":78.625,\"y\":58.91181988742964,\"rotation\":75},{\"x\":82.25,\"y\":59.849906191369605,\"rotation\":-65},{\"x\":85.125,\"y\":63.22701688555347,\"rotation\":-40}],\"color\":\"white\",\"locomotive\":0},{\"id\":68,\"from\":\"35\",\"fromCity\":\"Sarajevo\",\"to\":\"3\",\"toCity\":\"Athina\",\"elements\":[{\"x\":61.25000000000001,\"y\":75.79737335834896,\"rotation\":3},{\"x\":61.12499999999999,\"y\":81.05065666041276,\"rotation\":3},{\"x\":60.75000000000001,\"y\":86.11632270168855,\"rotation\":3},{\"x\":63.125,\"y\":88.18011257035647,\"rotation\":93}],\"color\":\"green\",\"locomotive\":0},{\"id\":73,\"from\":\"40\",\"fromCity\":\"Sofia\",\"to\":\"9\",\"toCity\":\"Bucuresti\",\"elements\":[{\"x\":72.375,\"y\":67.7298311444653,\"rotation\":5},{\"x\":70.125,\"y\":71.48217636022514,\"rotation\":75}],\"color\":\"gray\",\"locomotive\":0},{\"id\":34,\"from\":\"18\",\"fromCity\":\"Frankfurt\",\"to\":\"27\",\"toCity\":\"Munchen\",\"elements\":[{\"x\":39.125,\"y\":45.77861163227016,\"rotation\":-15},{\"x\":40.875,\"y\":48.78048780487805,\"rotation\":75}],\"color\":\"pink\",\"locomotive\":0},{\"id\":37,\"from\":\"27\",\"fromCity\":\"Munchen\",\"to\":\"42\",\"toCity\":\"Venezia\",\"elements\":[{\"x\":44,\"y\":53.283302063789876,\"rotation\":-10},{\"x\":44.75,\"y\":58.16135084427767,\"rotation\":-10}],\"color\":\"blue\",\"locomotive\":0},{\"id\":66,\"from\":\"46\",\"fromCity\":\"Zagrab\",\"to\":\"35\",\"toCity\":\"Sarajevo\",\"elements\":[{\"x\":53.5,\"y\":67.54221388367729,\"rotation\":-7},{\"x\":55.50000000000001,\"y\":72.04502814258912,\"rotation\":-53},{\"x\":58.875,\"y\":73.17073170731707,\"rotation\":72}],\"color\":\"red\",\"locomotive\":0},{\"id\":13,\"from\":\"1\",\"fromCity\":\"Amsterdam\",\"to\":\"18\",\"toCity\":\"Frankfurt\",\"elements\":[{\"x\":34,\"y\":34.146341463414636,\"rotation\":-45},{\"x\":36.5,\"y\":37.89868667917448,\"rotation\":-45}],\"color\":\"white\",\"locomotive\":0},{\"id\":5,\"from\":\"23\",\"fromCity\":\"London\",\"to\":\"1\",\"toCity\":\"Amsterdam\",\"elements\":[{\"x\":25.25,\"y\":30.0187617260788,\"rotation\":93},{\"x\":28.625,\"y\":30.206378986866795,\"rotation\":93}],\"color\":\"gray\",\"locomotive\":2},{\"id\":2,\"from\":\"15\",\"fromCity\":\"Edinburgh\",\"to\":\"23\",\"toCity\":\"London\",\"elements\":[{\"x\":18.25,\"y\":12.195121951219512,\"rotation\":-22},{\"x\":19.5,\"y\":17.26078799249531,\"rotation\":-22},{\"x\":20.75,\"y\":22.138836772983115,\"rotation\":-22},{\"x\":22.375,\"y\":26.82926829268293,\"rotation\":-22}],\"color\":\"orange\",\"locomotive\":0},{\"id\":48,\"from\":\"42\",\"fromCity\":\"Venezia\",\"to\":\"46\",\"toCity\":\"Zagrab\",\"elements\":[{\"x\":47.875,\"y\":60.60037523452158,\"rotation\":75},{\"x\":51.125,\"y\":61.53846153846154,\"rotation\":-58}],\"color\":\"gray\",\"locomotive\":0},{\"id\":69,\"from\":\"35\",\"fromCity\":\"Sarajevo\",\"to\":\"40\",\"toCity\":\"Sofia\",\"elements\":[{\"x\":63.625,\"y\":70.1688555347092,\"rotation\":65},{\"x\":66.25,\"y\":70.1688555347092,\"rotation\":-25}],\"color\":\"gray\",\"locomotive\":0},{\"id\":88,\"from\":\"19\",\"fromCity\":\"Kharkov\",\"to\":\"34\",\"toCity\":\"Rostov\",\"elements\":[{\"x\":94.5,\"y\":48.405253283302066,\"rotation\":90},{\"x\":95.5,\"y\":51.78236397748592,\"rotation\":0}],\"color\":\"green\",\"locomotive\":0}],\"longestPath\":null,\"connectionGraph\":{\"nodes\":[{\"id\":\"1\"},{\"id\":\"3\"},{\"id\":\"9\"},{\"id\":\"15\"},{\"id\":\"18\"},{\"id\":\"19\"},{\"id\":\"23\"},{\"id\":\"27\"},{\"id\":\"34\"},{\"id\":\"35\"},{\"id\":\"36\"},{\"id\":\"37\"},{\"id\":\"40\"},{\"id\":\"42\"},{\"id\":\"46\"}],\"links\":[{\"source\":\"1\",\"target\":\"18\",\"weight\":2},{\"source\":\"1\",\"target\":\"23\",\"weight\":2},{\"source\":\"3\",\"target\":\"35\",\"weight\":4},{\"source\":\"9\",\"target\":\"36\",\"weight\":4},{\"source\":\"9\",\"target\":\"40\",\"weight\":2},{\"source\":\"15\",\"target\":\"23\",\"weight\":4},{\"source\":\"18\",\"target\":\"27\",\"weight\":2},{\"source\":\"18\",\"target\":\"1\",\"weight\":2},{\"source\":\"19\",\"target\":\"34\",\"weight\":2},{\"source\":\"23\",\"target\":\"1\",\"weight\":2},{\"source\":\"23\",\"target\":\"15\",\"weight\":4},{\"source\":\"27\",\"target\":\"18\",\"weight\":2},{\"source\":\"27\",\"target\":\"42\",\"weight\":2},{\"source\":\"34\",\"target\":\"19\",\"weight\":2},{\"source\":\"35\",\"target\":\"3\",\"weight\":4},{\"source\":\"35\",\"target\":\"46\",\"weight\":3},{\"source\":\"35\",\"target\":\"40\",\"weight\":2},{\"source\":\"36\",\"target\":\"9\",\"weight\":4},{\"source\":\"40\",\"target\":\"9\",\"weight\":2},{\"source\":\"40\",\"target\":\"35\",\"weight\":2},{\"source\":\"42\",\"target\":\"27\",\"weight\":2},{\"source\":\"42\",\"target\":\"46\",\"weight\":2},{\"source\":\"46\",\"target\":\"35\",\"weight\":3},{\"source\":\"46\",\"target\":\"42\",\"weight\":2}]}},{\"id\":1,\"name\":\"is futile.\",\"color\":\"blue\",\"score\":0,\"playerFirstRound\":false,\"carts\":11,\"trainCards\":{\"black\":1,\"blue\":0,\"green\":0,\"orange\":0,\"pink\":0,\"red\":0,\"white\":0,\"yellow\":0,\"locomotive\":0},\"routeCards\":[{\"id\":\"30\",\"from\":\"5\",\"to\":\"33\",\"fromCity\":\"Berlin\",\"toCity\":\"Roma\",\"value\":\"9\",\"path\":{\"connectionIdList\":[40,32,29,36,39],\"cityIdList\":[\"5\",\"18\",\"30\",\"47\",\"42\",\"33\"]},\"finished\":true},{\"id\":\"4\",\"from\":\"34\",\"to\":\"16\",\"fromCity\":\"Rostov\",\"toCity\":\"Erzurum\",\"value\":\"5\",\"path\":{\"connectionIdList\":[91,95],\"cityIdList\":[\"34\",\"39\",\"16\"]},\"finished\":true}],\"longRouteCard\":{\"id\":\"42\",\"from\":\"6\",\"to\":\"31\",\"fromCity\":\"Brest\",\"toCity\":\"Petrograd\",\"value\":\"20\",\"path\":{\"connectionIdList\":[7,32,40,57,80,84],\"cityIdList\":[\"6\",\"30\",\"18\",\"5\",\"43\",\"45\",\"31\"]},\"finished\":true},\"builtConnections\":[{\"id\":84,\"from\":\"45\",\"fromCity\":\"Wilno\",\"to\":\"31\",\"toCity\":\"Petrograd\",\"elements\":[{\"x\":82.625,\"y\":13.133208255159476,\"rotation\":35},{\"x\":80.625,\"y\":17.26078799249531,\"rotation\":35},{\"x\":78.625,\"y\":21.388367729831145,\"rotation\":35},{\"x\":76.5,\"y\":25.70356472795497,\"rotation\":35}],\"color\":\"blue\",\"locomotive\":0},{\"id\":57,\"from\":\"5\",\"fromCity\":\"Berlin\",\"to\":\"43\",\"toCity\":\"Warszawa\",\"elements\":[{\"x\":51.5,\"y\":34.52157598499062,\"rotation\":73},{\"x\":55.00000000000001,\"y\":33.39587242026266,\"rotation\":84},{\"x\":58.5,\"y\":33.20825515947467,\"rotation\":90},{\"x\":61.875,\"y\":33.39587242026266,\"rotation\":-80}],\"color\":\"yellow\",\"locomotive\":0},{\"id\":80,\"from\":\"43\",\"fromCity\":\"Warszawa\",\"to\":\"45\",\"toCity\":\"Wilno\",\"elements\":[{\"x\":66.25,\"y\":30.0187617260788,\"rotation\":27},{\"x\":69.125,\"y\":26.82926829268293,\"rotation\":80},{\"x\":72.625,\"y\":27.954971857410882,\"rotation\":-58}],\"color\":\"red\",\"locomotive\":0},{\"id\":40,\"from\":\"18\",\"fromCity\":\"Frankfurt\",\"to\":\"5\",\"toCity\":\"Berlin\",\"elements\":[{\"x\":40.5,\"y\":40.150093808630395,\"rotation\":65},{\"x\":43.625,\"y\":37.71106941838649,\"rotation\":65},{\"x\":46.75,\"y\":35.647279549718576,\"rotation\":65}],\"color\":\"black\",\"locomotive\":0},{\"id\":32,\"from\":\"30\",\"fromCity\":\"Paris\",\"to\":\"18\",\"toCity\":\"Frankfurt\",\"elements\":[{\"x\":30.125,\"y\":50.28142589118198,\"rotation\":70},{\"x\":33.5,\"y\":48.030018761726076,\"rotation\":60},{\"x\":36.5,\"y\":45.0281425891182,\"rotation\":55}],\"color\":\"orange\",\"locomotive\":0},{\"id\":7,\"from\":\"6\",\"fromCity\":\"Brest\",\"to\":\"30\",\"toCity\":\"Paris\",\"elements\":[{\"x\":15.75,\"y\":47.467166979362105,\"rotation\":96},{\"x\":19.125,\"y\":48.21763602251407,\"rotation\":96},{\"x\":22.625,\"y\":48.78048780487805,\"rotation\":96}],\"color\":\"black\",\"locomotive\":0},{\"id\":39,\"from\":\"42\",\"fromCity\":\"Venezia\",\"to\":\"33\",\"toCity\":\"Roma\",\"elements\":[{\"x\":45.625,\"y\":66.04127579737336,\"rotation\":-10},{\"x\":46.375,\"y\":70.91932457786116,\"rotation\":-10}],\"color\":\"black\",\"locomotive\":0},{\"id\":36,\"from\":\"47\",\"fromCity\":\"Zurich\",\"to\":\"42\",\"toCity\":\"Venezia\",\"elements\":[{\"x\":39.625,\"y\":59.09943714821764,\"rotation\":-60},{\"x\":42.75,\"y\":61.53846153846154,\"rotation\":-60}],\"color\":\"green\",\"locomotive\":0},{\"id\":35,\"from\":\"47\",\"fromCity\":\"Zurich\",\"to\":\"27\",\"toCity\":\"Munchen\",\"elements\":[{\"x\":39.375,\"y\":54.59662288930581,\"rotation\":45},{\"x\":41.875,\"y\":51.21951219512195,\"rotation\":45}],\"color\":\"yellow\",\"locomotive\":0},{\"id\":29,\"from\":\"30\",\"fromCity\":\"Paris\",\"to\":\"47\",\"toCity\":\"Zurich\",\"elements\":[{\"x\":28.875,\"y\":53.84615384615385,\"rotation\":-30},{\"x\":31.5,\"y\":57.223264540337716,\"rotation\":-65},{\"x\":35,\"y\":58.348968105065666,\"rotation\":90}],\"color\":\"gray\",\"locomotive\":0},{\"id\":95,\"from\":\"39\",\"fromCity\":\"Sochi\",\"to\":\"16\",\"toCity\":\"Erzurum\",\"elements\":[{\"x\":94.625,\"y\":72.79549718574108,\"rotation\":8},{\"x\":94.25,\"y\":77.6735459662289,\"rotation\":8},{\"x\":93.625,\"y\":82.92682926829268,\"rotation\":8}],\"color\":\"red\",\"locomotive\":0},{\"id\":91,\"from\":\"34\",\"fromCity\":\"Rostov\",\"to\":\"39\",\"toCity\":\"Sochi\",\"elements\":[{\"x\":95.375,\"y\":59.47467166979362,\"rotation\":3},{\"x\":95.125,\"y\":64.54033771106941,\"rotation\":5}],\"color\":\"gray\",\"locomotive\":0}],\"longestPath\":null,\"connectionGraph\":{\"nodes\":[{\"id\":\"5\"},{\"id\":\"6\"},{\"id\":\"16\"},{\"id\":\"18\"},{\"id\":\"27\"},{\"id\":\"30\"},{\"id\":\"31\"},{\"id\":\"33\"},{\"id\":\"34\"},{\"id\":\"39\"},{\"id\":\"42\"},{\"id\":\"43\"},{\"id\":\"45\"},{\"id\":\"47\"}],\"links\":[{\"source\":\"5\",\"target\":\"43\",\"weight\":4},{\"source\":\"5\",\"target\":\"18\",\"weight\":3},{\"source\":\"6\",\"target\":\"30\",\"weight\":3},{\"source\":\"16\",\"target\":\"39\",\"weight\":3},{\"source\":\"18\",\"target\":\"5\",\"weight\":3},{\"source\":\"18\",\"target\":\"30\",\"weight\":3},{\"source\":\"27\",\"target\":\"47\",\"weight\":2},{\"source\":\"30\",\"target\":\"18\",\"weight\":3},{\"source\":\"30\",\"target\":\"6\",\"weight\":3},{\"source\":\"30\",\"target\":\"47\",\"weight\":3},{\"source\":\"31\",\"target\":\"45\",\"weight\":4},{\"source\":\"33\",\"target\":\"42\",\"weight\":2},{\"source\":\"34\",\"target\":\"39\",\"weight\":2},{\"source\":\"39\",\"target\":\"16\",\"weight\":3},{\"source\":\"39\",\"target\":\"34\",\"weight\":2},{\"source\":\"42\",\"target\":\"33\",\"weight\":2},{\"source\":\"42\",\"target\":\"47\",\"weight\":2},{\"source\":\"43\",\"target\":\"5\",\"weight\":4},{\"source\":\"43\",\"target\":\"45\",\"weight\":3},{\"source\":\"45\",\"target\":\"31\",\"weight\":4},{\"source\":\"45\",\"target\":\"43\",\"weight\":3},{\"source\":\"47\",\"target\":\"42\",\"weight\":2},{\"source\":\"47\",\"target\":\"27\",\"weight\":2},{\"source\":\"47\",\"target\":\"30\",\"weight\":3}]}}],\"app\":{\"state\":\"inGame\"}}"
}