{
	"payload": "[{\"type\":\"CREATE_GAME\",\"payload\":{\"hostPlayer\":\"\",\"maxPlayers\":5}},{\"type\":\"SET_DETERM_SHUFFLE\",\"payload\":{}},{\"type\":\"CREATE_GAME\",\"payload\":{\"hostPlayer\":\"\",\"maxPlayers\":2}},{\"type\":\"DEAL_STARTER_HAND\",\"payload\":{\"arrayOfHands\":[{\"trainCards\":[\"red\",\"white\",\"red\",\"pink\"],\"longRouteCard\":{\"id\":\"45\",\"from\":\"15\",\"to\":\"3\",\"fromCity\":\"Edinburgh\",\"toCity\":\"Athina\",\"value\":\"21\"}},{\"trainCards\":[\"yellow\",\"yellow\",\"orange\",\"blue\"],\"longRouteCard\":{\"id\":\"42\",\"from\":\"6\",\"to\":\"31\",\"fromCity\":\"Brest\",\"toCity\":\"Petrograd\",\"value\":\"20\"}}]}},{\"type\":\"FILL_ROSTER\",\"payload\":null},{\"type\":\"START_GAME\",\"payload\":null},{\"type\":\"APP_TO_GAME\"},{\"type\":\"DRAW_ROUTES_FIRST_ROUND\",\"payload\":{\"playerId\":0,\"playerName\":\"Resistance\",\"selectedRouteCards\":[{\"id\":\"15\",\"from\":\"1\",\"to\":\"29\",\"fromCity\":\"Amsterdam\",\"toCity\":\"Pamplona\",\"value\":\"7\"}],\"droppedRouteCards\":[{\"id\":\"27\",\"from\":\"24\",\"to\":\"47\",\"fromCity\":\"Madrid\",\"toCity\":\"Zurich\",\"value\":\"8\"},{\"id\":\"18\",\"from\":\"35\",\"to\":\"36\",\"fromCity\":\"Sarajevo\",\"toCity\":\"Sevastopol\",\"value\":\"8\"}]}},{\"type\":\"DRAW_FROM_ROSTER\",\"payload\":{\"playerId\":0,\"playerName\":\"Resistance\",\"cardColor\":\"black\",\"position\":2}},{\"type\":\"FILL_ROSTER\",\"payload\":null},{\"type\":\"DRAW_FROM_ROSTER\",\"payload\":{\"playerId\":0,\"playerName\":\"Resistance\",\"cardColor\":\"yellow\",\"position\":2}},{\"type\":\"FILL_ROSTER\",\"payload\":null},{\"type\":\"NEXT_PLAYER\",\"payload\":null},{\"type\":\"DRAW_ROUTES_FIRST_ROUND\",\"payload\":{\"playerId\":1,\"playerName\":\"is futile.\",\"selectedRouteCards\":[{\"id\":\"4\",\"from\":\"34\",\"to\":\"16\",\"fromCity\":\"Rostov\",\"toCity\":\"Erzurum\",\"value\":\"5\"}],\"droppedRouteCards\":[{\"id\":\"37\",\"from\":\"41\",\"to\":\"44\",\"fromCity\":\"Stockholm\",\"toCity\":\"Wien\",\"value\":\"11\"},{\"id\":\"30\",\"from\":\"5\",\"to\":\"33\",\"fromCity\":\"Berlin\",\"toCity\":\"Roma\",\"value\":\"9\"}]}},{\"type\":\"BUILD_CONNECTION\",\"payload\":{\"playerId\":1,\"playerName\":\"is futile.\",\"playerColor\":\"blue\",\"usedTrainColors\":[\"yellow\",\"yellow\"],\"connection\":{\"id\":91,\"from\":\"34\",\"fromCity\":\"Rostov\",\"to\":\"39\",\"toCity\":\"Sochi\",\"elements\":[{\"x\":95.375,\"y\":59.47467166979362,\"rotation\":3},{\"x\":95.125,\"y\":64.54033771106941,\"rotation\":5}],\"color\":\"gray\",\"locomotive\":0}}},{\"type\":\"NEXT_PLAYER\",\"payload\":null},{\"type\":\"DRAW_FROM_DECK\",\"payload\":{\"playerId\":0,\"playerName\":\"Resistance\",\"cardColors\":[\"locomotive\",\"orange\"]}},{\"type\":\"NEXT_PLAYER\",\"payload\":null},{\"type\":\"DRAW_FROM_DECK\",\"payload\":{\"playerId\":1,\"playerName\":\"is futile.\",\"cardColors\":[\"orange\",\"white\"]}},{\"type\":\"NEXT_PLAYER\",\"payload\":null},{\"type\":\"BUILD_CONNECTION\",\"payload\":{\"playerId\":0,\"playerName\":\"Resistance\",\"playerColor\":\"green\",\"usedTrainColors\":[\"red\",\"red\"],\"connection\":{\"id\":12,\"from\":\"8\",\"fromCity\":\"Bruxelles\",\"to\":\"30\",\"toCity\":\"Paris\",\"elements\":[{\"x\":29.5,\"y\":41.651031894934334,\"rotation\":28},{\"x\":28.000000000000004,\"y\":45.96622889305816,\"rotation\":28}],\"color\":\"red\",\"locomotive\":0}}},{\"type\":\"NEXT_PLAYER\",\"payload\":null},{\"type\":\"DRAW_FROM_ROSTER\",\"payload\":{\"playerId\":1,\"playerName\":\"is futile.\",\"cardColor\":\"blue\",\"position\":1}},{\"type\":\"FILL_ROSTER\",\"payload\":null},{\"type\":\"DRAW_FROM_ROSTER\",\"payload\":{\"playerId\":1,\"playerName\":\"is futile.\",\"cardColor\":\"blue\",\"position\":1}},{\"type\":\"FILL_ROSTER\",\"payload\":null},{\"type\":\"NEXT_PLAYER\",\"payload\":null},{\"type\":\"DRAW_FROM_ROSTER\",\"payload\":{\"playerId\":0,\"playerName\":\"Resistance\",\"cardColor\":\"blue\",\"position\":2}},{\"type\":\"FILL_ROSTER\",\"payload\":null},{\"type\":\"DRAW_FROM_ROSTER\",\"payload\":{\"playerId\":0,\"playerName\":\"Resistance\",\"cardColor\":\"blue\",\"position\":2}},{\"type\":\"FILL_ROSTER\",\"payload\":null},{\"type\":\"NEXT_PLAYER\",\"payload\":null},{\"type\":\"DRAW_FROM_DECK\",\"payload\":{\"playerId\":1,\"playerName\":\"is futile.\",\"cardColors\":[\"locomotive\",\"red\"]}},{\"type\":\"NEXT_PLAYER\",\"payload\":null},{\"type\":\"DRAW_FROM_ROSTER\",\"payload\":{\"playerId\":0,\"playerName\":\"Resistance\",\"cardColor\":\"blue\",\"position\":3}},{\"type\":\"FILL_ROSTER\",\"payload\":null},{\"type\":\"DRAW_FROM_ROSTER\",\"payload\":{\"playerId\":0,\"playerName\":\"Resistance\",\"cardColor\":\"orange\",\"position\":2}},{\"type\":\"FILL_ROSTER\",\"payload\":null},{\"type\":\"NEXT_PLAYER\",\"payload\":null},{\"type\":\"DRAW_FROM_DECK\",\"payload\":{\"playerId\":1,\"playerName\":\"is futile.\",\"cardColors\":[\"blue\",\"yellow\"]}},{\"type\":\"NEXT_PLAYER\",\"payload\":null},{\"type\":\"BUILD_CONNECTION\",\"payload\":{\"playerId\":0,\"playerName\":\"Resistance\",\"playerColor\":\"green\",\"usedTrainColors\":[\"blue\",\"blue\",\"blue\",\"locomotive\"],\"connection\":{\"id\":17,\"from\":\"30\",\"fromCity\":\"Paris\",\"to\":\"29\",\"toCity\":\"Pamplona\",\"elements\":[{\"x\":24.25,\"y\":52.5328330206379,\"rotation\":7},{\"x\":23.5,\"y\":57.78611632270169,\"rotation\":15},{\"x\":22.375,\"y\":62.6641651031895,\"rotation\":20},{\"x\":20.875,\"y\":67.54221388367729,\"rotation\":35}],\"color\":\"blue\",\"locomotive\":0}}},{\"type\":\"NEXT_PLAYER\",\"payload\":null},{\"type\":\"DRAW_FROM_DECK\",\"payload\":{\"playerId\":1,\"playerName\":\"is futile.\",\"cardColors\":[\"red\",\"green\"]}},{\"type\":\"NEXT_PLAYER\",\"payload\":null}]"
}